[
  {
    "dao": "jacl2db~jacl2subjectgroup",
    "properties": ["id_aclsbjgrp", "label_key"],
    "data": [
      ["acl.grp.user.management", "jacl2db~acl2db.acl.grp.user.management"],
      ["acl.grp.group.management", "jacl2db~acl2db.acl.grp.group.management"],
      ["auth.grp.user.management", "jelix~auth.acl.grp.user.management"]
    ]
  },
  {
    "dao": "jacl2db~jacl2subject",
    "properties": ["id_aclsbj", "label_key", "id_aclsbjgrp"],
    "data": [
      ["acl.user.view", "jacl2db~acl2db.acl.user.view", "acl.grp.user.management"],
      ["acl.user.modify", "jacl2db~acl2db.acl.user.modify", "acl.grp.user.management"],
      ["acl.group.modify", "jacl2db~acl2db.acl.group.modify", "acl.grp.group.management"],
      ["acl.group.create", "jacl2db~acl2db.acl.group.create", "acl.grp.group.management"],
      ["acl.group.delete", "jacl2db~acl2db.acl.group.delete", "acl.grp.group.management"],
      ["acl.group.view", "jacl2db~acl2db.acl.group.view", "acl.grp.group.management"],

      ["auth.users.list",   "jelix~auth.acl.users.list", "auth.grp.user.management"],
      ["auth.users.view",   "jelix~auth.acl.users.view", "auth.grp.user.management"],
      ["auth.users.modify", "jelix~auth.acl.users.modify", "auth.grp.user.management"],
      ["auth.users.create", "jelix~auth.acl.users.create", "auth.grp.user.management"],
      ["auth.users.delete", "jelix~auth.acl.users.delete", "auth.grp.user.management"],
      ["auth.users.change.password", "jelix~auth.acl.users.change.password", "auth.grp.user.management"],

      ["auth.user.view",   "jelix~auth.acl.user.view", "auth.grp.user.management"],
      ["auth.user.modify", "jelix~auth.acl.user.modify", "auth.grp.user.management"],
      ["auth.user.change.password", "jelix~auth.acl.user.change.password", "auth.grp.user.management"]
    ]
  }
]



